id,author,datetime,domain,url,title,num_comments
scs44x,nuclearstatic,2022-01-26 03:16:20,i.redd.it,https://i.redd.it/dfowfo4adxd81.png,What all the Heroes do when playing TF2,0
scsc51,This-Firefighter5346,2022-01-26 03:26:41,i.redd.it,https://i.redd.it/wiuq16n1fxd81.jpg,jester is a good class,0
sctfkh,ProfessionalFar7916,2022-01-26 04:18:09,self.darkestdungeon,https://www.reddit.com/r/darkestdungeon/comments/sctfkh/is_dd2_coming_to_consoles/,Is dd2 coming to consoles?,0
scthp2,StumpTheMan,2022-01-26 04:20:56,i.redd.it,https://i.redd.it/9neiazdyoxd81.jpg,"Fuck you, fuck ya life, fuck ya bleed, bing bop",0
scwlzr,hyoscyami,2022-01-26 06:53:32,i.redd.it,https://i.redd.it/v1g1kw76gyd81.jpg,"Two alchemists, planning something evil",0
scxb4l,Pizzapimento,2022-01-26 07:30:11,i.redd.it,https://i.redd.it/m4lkjtmpmyd81.jpg,"""Oh? The Bwigand Quartew Poundew too hawd? Fuck you""",1
sd3o6p,Therak1es,2022-01-26 14:17:04,/r/darkestdungeon/comments/sd3o6p/how_the_vestal_and_occultist_interact/,https://v.redd.it/pgcjf9e2n0e81,How the Vestal and Occultist Interact:,0
sd44iv,highpingplayer,2022-01-26 14:45:36,i.redd.it,https://i.redd.it/ge9456hbs0e81.jpg,Saw a somehow familiar poster today,0
sd48rp,ClairDraws,2022-01-26 14:52:54,i.redd.it,https://i.redd.it/k0ui5irct0e81.png,"Hi Guys! I'm new on reddit so... sorry if i tagged it wrong, because the character is not mine but i made the art hahah! Here's a crossover: LoL x DD! Cho'gath would be a great boss dont ya think? My Instagram: @clairdraws",1
sd7dad,Anonymousman61,2022-01-26 17:35:56,i.redd.it,https://i.redd.it/vi8u91qrm1e81.jpg,Remind yourself that overconfidence is a slow and insidious killer,1
sd94q9,Froggyspirits,2022-01-26 18:55:15,imgur.com,https://imgur.com/a/nG2GtFS,If Darkest Dungeon characters played TF2,0
sd9bvd,Zackboi97,2022-01-26 19:03:34,self.darkestdungeon,https://www.reddit.com/r/darkestdungeon/comments/sd9bvd/just_finished_darkest_dungeon_campaign/,Just finished Darkest Dungeon campaign,0
sdc6h3,Slaying_the_Spire,2022-01-26 21:04:13,self.darkestdungeon,https://www.reddit.com/r/darkestdungeon/comments/sdc6h3/looking_for_spoilerfree_endgame_and_cc_tips/,Looking for (Spoiler-free) endgame and CC tips,0
sddsip,RicoMol,2022-01-26 22:12:44,i.redd.it,https://i.redd.it/jflv23qzz2e81.png,Lich,0
sddtr5,RicoMol,2022-01-26 22:14:14,i.redd.it,https://i.redd.it/7tm81fhf03e81.png,Lich (commission work),0
sdg6a1,PresentNewspaper1484,2022-01-26 23:55:17,self.darkestdungeon,https://www.reddit.com/r/darkestdungeon/comments/sdg6a1/am_i_just_being_unlucky/,Am i just being unlucky?,1
sdgcq2,ArthurWW1,2022-01-27 00:02:36,self.darkestdungeon,https://www.reddit.com/r/darkestdungeon/comments/sdgcq2/the_rng_in_this_game_is_independent/,The RNG in this game is independent?,1
sdi4we,nanbalat,2022-01-27 01:20:16,self.darkestdungeon,https://www.reddit.com/r/darkestdungeon/comments/sdi4we/butchers_circus_dlc/,Butcher's Circus DLC,0
sdiq3k,crisperrug,2022-01-27 01:46:18,self.darkestdungeon,https://www.reddit.com/r/darkestdungeon/comments/sdiq3k/i_beat_the_darkest_dungeon_today/,I beat the darkest dungeon today.,1
sdlhlf,Glittering-Channel39,2022-01-27 03:55:53,self.darkestdungeon,https://www.reddit.com/r/darkestdungeon/comments/sdlhlf/why_would_you_ever_go_to_the_sluice/,Why would you ever go to the Sluice?,1
sdnqgx,Heavenly_Rickroll,2022-01-27 05:44:38,self.darkestdungeon,https://www.reddit.com/r/darkestdungeon/comments/sdnqgx/the_generals_dream_trophy_go_brrrrr/,"""The General's Dream"" Trophy go brrrrr",0
sdsjy7,thz76,2022-01-27 10:11:10,self.darkestdungeon,https://www.reddit.com/r/darkestdungeon/comments/sdsjy7/need_help_choosing_trinkets/,Need help choosing trinkets,1
sdv7nw,TheFawnFlying94,2022-01-27 13:17:25,i.redd.it,https://i.redd.it/l5zfw3lkh7e81.png,Fast watercolor jester.,0
sdv8dd,TheFawnFlying94,2022-01-27 13:18:56,i.redd.it,https://i.redd.it/8b3lddduh7e81.png,"Surprise! Sorry for the right short arm, damn.",0
sdy1p2,ScalpelzStorybooks,2022-01-27 16:09:50,i.redd.it,https://i.redd.it/z3kqnhcbc8e81.png,"""Cowards Die Twice"" DD Poetry Project part 14",0
sdyjtu,hmobs,2022-01-27 16:36:09,self.darkestdungeon,https://www.reddit.com/r/darkestdungeon/comments/sdyjtu/i_write_a_short_story_based_on_a_fight_today/,I write a short story based on a fight today. Check it out!,0
se000j,lechnerio,2022-01-27 17:45:08,self.darkestdungeon,https://www.reddit.com/r/darkestdungeon/comments/se000j/black_screen_when_starting_a_new_game_on_ipad/,Black screen when starting a new game on iPad,0
se0t33,S00thsayerSays,2022-01-27 18:21:32,i.redd.it,https://i.redd.it/nawbcuztz8e81.jpg,CHOCOLATE!,0
se349j,Tla-the-men,2022-01-27 20:04:38,self.darkestdungeon,https://www.reddit.com/r/darkestdungeon/comments/se349j/what_the_heaven_happened_to_dd2/,What the heaven happened to DD2?,1
se3d10,ATV32,2022-01-27 20:15:09,self.darkestdungeon,https://www.reddit.com/r/darkestdungeon/comments/se3d10/in_dd_when_the_character_dies_do_i_lose_their/,in dd when the character dies do i lose their amulets?,1
se3nyz,LadyfingerJoe,2022-01-27 20:27:57,self.darkestdungeon,https://www.reddit.com/r/darkestdungeon/comments/se3nyz/insight_and_madness/,Insight and Madness,0
se3qcz,classicretro3darts,2022-01-27 20:30:47,/r/darkestdungeon/comments/se3qcz/whats_up_fellow_darkest_dungeon_collectors_heres/,https://v.redd.it/qpwr1udom9e81,What‚Äôs up fellow Darkest Dungeon collectors ‚ù§Ô∏è here‚Äôs my latest 3d art üòç now available in my shop. ‚ù§Ô∏ècomment below to claim one.,0
se3rwl,Froggyspirits,2022-01-27 20:32:40,i.imgur.com,https://i.imgur.com/QYW5UCU.png,Darkest Dungeon characters play Team Fortress 2,5
se7lu0,Magma-rager,2022-01-27 23:18:55,self.darkestdungeon,https://www.reddit.com/r/darkestdungeon/comments/se7lu0/looking_for_mods_that_add_more_content_to_the_game/,Looking for mods that add more content to the game,0
se8ggk,TheLastSpectre,2022-01-27 23:56:56,self.darkestdungeon,https://www.reddit.com/r/darkestdungeon/comments/se8ggk/a_random_thought_i_just_had_about_the_ending_of/,A random thought I just had about the ending of DD1,0
se9wa8,RicoMol,2022-01-28 00:59:19,i.redd.it,https://i.redd.it/elspj7moyae81.gif,üëÄ,0
sec75f,hunterpanther,2022-01-28 02:39:03,self.darkestdungeon,https://www.reddit.com/r/darkestdungeon/comments/sec75f/generals_dream_trophy_qol_change/,General`s Dream Trophy QoL Change,0
sedjey,S00thsayerSays,2022-01-28 03:40:17,i.redd.it,https://i.redd.it/071goqrirbe81.jpg,I thought y‚Äôall said this game was dark,0
sef6g2,fasthamsteer,2022-01-28 04:59:05,i.redd.it,https://i.redd.it/kpu6gt8b5ce81.png,The Jester comes to Hamlet. Art by me,0
sekpau,Chunkysnail36,2022-01-28 10:00:47,self.darkestdungeon,https://www.reddit.com/r/darkestdungeon/comments/sekpau/i_did_a_big_goof/,I did a big goof,0
seoq7d,Heart--Of--Darkness,2022-01-28 14:30:44,self.darkestdungeon,https://www.reddit.com/r/darkestdungeon/comments/seoq7d/name_of_marvin_seos_thrall_crimson_court_trinket/,Name of Marvin Seo's Thrall Crimson Court Trinket and Gear Upgrades,0
seovgk,Koblasssco,2022-01-28 14:40:01,/r/darkestdungeon/comments/seovgk/fireproof_grandpa/,https://v.redd.it/w13e5xjg0fe81,Fireproof grandpa.,0
sep6hq,Different-Rich-1575,2022-01-28 14:59:25,i.redd.it,https://i.redd.it/gx551rho4fe81.png,Poor Early Game Anti...,0
sepcdp,Different-Rich-1575,2022-01-28 15:07:47,i.redd.it,https://i.redd.it/wtjn8tg66fe81.png,It's facts,0
serb5b,Yu6e1,2022-01-28 16:53:19,self.darkestdungeon,https://www.reddit.com/r/darkestdungeon/comments/serb5b/apparently_darkest_dungeon_2_is_shit/,Apparently darkest dungeon 2 is shit,0
sesl2z,TrickiestChan,2022-01-28 17:53:56,i.redd.it,https://i.redd.it/hfkjtuopzfe81.png,"Reynauld is the real doom slayer, change my mind",1
set5vk,Propeller3,2022-01-28 18:21:04,self.darkestdungeon,https://www.reddit.com/r/darkestdungeon/comments/set5vk/apparently_darkest_dungeon_3_is_shit/,Apparently darkest dungeon 3 is shit,0
sevtn8,ScalpelzStorybooks,2022-01-28 20:24:11,i.redd.it,https://i.redd.it/l4t6pmr4qge81.png,"""I may have watched Hamilton again last night. I regret nothing"" DD Poetry Project part 15",0
sewh3q,BigPapa9921,2022-01-28 20:54:04,self.darkestdungeon,https://www.reddit.com/r/darkestdungeon/comments/sewh3q/should_i_play_crimson_court_and_color_of_madness/,Should I play Crimson Court and Color of Madness during Bloodmoon run ?,0
sexyja,sleepyash009,2022-01-28 22:00:03,i.redd.it,https://i.redd.it/kmr1jrpn7he81.jpg,Ummm‚Ä¶this is a rough start to the game,1
seyk2w,BlindTurtleShield,2022-01-28 22:26:47,self.darkestdungeon,https://www.reddit.com/r/darkestdungeon/comments/seyk2w/i_keep_failing_the_hero_shrines_and_its_driving/,I keep failing the hero shrines and it's driving me mad to the point where I just want to cheat. When will early access end,1
sez9pu,Money_Aside_1282,2022-01-28 22:59:26,self.darkestdungeon,https://www.reddit.com/r/darkestdungeon/comments/sez9pu/is_this_a_good_setup_to_kill_brigand_vvulf/,Is this a good setup to kill Brigand Vvulf?,0
sf2gsh,XapoladoColorin,2022-01-29 01:24:17,self.darkestdungeon,https://www.reddit.com/r/darkestdungeon/comments/sf2gsh/after_6_years_of_trying_i_did_it/,"After 6 years of trying, I did it!",1
sf2t26,NotaMlelon,2022-01-29 01:39:44,i.redd.it,https://i.redd.it/g6o7yqzeaie81.png,The Nomad Wagon just offers the darndest things. Meme from my playthrough today,0
sf4xlg,ShadowReaper467,2022-01-29 03:15:05,i.redd.it,https://i.redd.it/6qdwgemprie81.png,Mf was at 5 health so I got a little risky.,1
sf57n5,SmallChild212,2022-01-29 03:28:33,self.darkestdungeon,https://www.reddit.com/r/darkestdungeon/comments/sf57n5/so_recently_got_the_game_on_ps4/,"So, Recently got the Game on PS4",0
sf9d5u,West_Sheepherder_769,2022-01-29 07:00:18,i.redd.it,https://i.redd.it/bcs6hjh3wje81.jpg,Why is my bounty hunter‚Äôs icon an eldritch horror??? Is this a glitch or does this mean something,0
sf9g6o,Whisplow,2022-01-29 07:04:20,i.redd.it,https://i.redd.it/l5hkgjvtwje81.jpg,Inspired by true events,0
sfb08d,dilliwop,2022-01-29 08:32:23,v.redd.it,https://v.redd.it/qhv7qj3oshe81,Being too confident in your abilities.,0
sfbozd,AthullNexus76,2022-01-29 09:12:54,self.darkestdungeon,https://www.reddit.com/r/darkestdungeon/comments/sfbozd/i_just_won_my_first_butchers_circus_match/,I JUST WON MY FIRST BUTCHER'S CIRCUS MATCH,2
sfcbpm,andierooie,2022-01-29 09:53:20,self.darkestdungeon,https://www.reddit.com/r/darkestdungeon/comments/sfcbpm/dd2_serious_lack_of_position_4_heroes/,DD2 - Serious lack of Position 4 Heroes?,0
sfd24y,nanbalat,2022-01-29 10:41:35,self.darkestdungeon,https://www.reddit.com/r/darkestdungeon/comments/sfd24y/trinket_inventory/,Trinket inventory,0
sfe9zf,TruKicks,2022-01-29 12:07:18,i.redd.it,https://i.redd.it/bnxjulxvele81.png,"First day on the job, shouldn't be too hard",0
sfeiub,Sweenoy,2022-01-29 12:25:09,reddit.com,https://www.reddit.com/gallery/sfeiub,Darkest memes by me,0
sfi3as,pyrousred,2022-01-29 16:25:24,i.redd.it,https://i.redd.it/6xugd6b9ome81.png,Average late-run fight in DD2. If you're bad like me anyway lol,0
sfish2,acdxfgb,2022-01-29 17:05:46,self.darkestdungeon,https://www.reddit.com/r/darkestdungeon/comments/sfish2/black_reliquary_requires_butchers_circus/,Black reliquary requires Butcher's Circus?,1
sfjduw,BlindTurtleShield,2022-01-29 17:38:06,reddit.com,https://www.reddit.com/gallery/sfjduw,"Won game because I got lucky with nice trinkets that healed every turn, had good relationships, and survived not one, but TWO shambler fights (It was crazy bruh I didn't expect that 2nd shambler fight). Stress heal moves keep the squad together.",1
sfjiez,Rabbidscool,2022-01-29 17:45:04,i.redd.it,https://i.redd.it/k0omj7f53ne81.jpg,Someone seems to be ripping off/stealing assets of Darkest Dungeon into an NFT game,2
sfjmy4,Chimmaney,2022-01-29 17:51:45,/r/darkestdungeon/comments/sfjmy4/the_unstable_flesh_misses_the_inchoate_flesh/,https://v.redd.it/ri1u4cegzle81,The Unstable Flesh misses the Inchoate Flesh,0
sfjwda,Emperor-Necromon,2022-01-29 18:04:27,i.redd.it,https://i.redd.it/eab0t8pl6ne81.jpg,So I tried this mod called Black reliquary in a new game an I instantly got all this,0
sfmx4j,LeonEmbers,2022-01-29 20:26:39,self.darkestdungeon,https://www.reddit.com/r/darkestdungeon/comments/sfmx4j/swine_king_piggy_boi/,Swine King &amp; Piggy Boi,1
sfq3s7,PhotoLarge1378,2022-01-29 22:51:19,self.darkestdungeon,https://www.reddit.com/r/darkestdungeon/comments/sfq3s7/why_so_many_nsfw_mods/,Why so many nsfw mods?,1
sftpkf,Froggyspirits,2022-01-30 01:37:58,self.darkestdungeon,https://www.reddit.com/r/darkestdungeon/comments/sftpkf/if_arbalest_gets_added_to_darkest_dungeon_ii/,If Arbalest gets added to Darkest Dungeon II...,0
sfuuyn,s_k_a_r_t,2022-01-30 02:30:32,i.redd.it,https://i.redd.it/3qrewthvope81.png,The Cake Day DD meme :) I joked about uninstallation for the sake of rhyme!,0
sfvagk,Handsome-Villain,2022-01-30 02:51:21,reddit.com,https://www.reddit.com/gallery/sfvagk,First throuple I've ever seen in Darkest II - the triforce of power love &amp; mutual respect,1
sfvlm2,Drum_Bass,2022-01-30 03:05:25,self.darkestdungeon,https://www.reddit.com/r/darkestdungeon/comments/sfvlm2/why_so_many_sfw_mods/,Why so many SFW mods?,0
sfyxn3,BiomedicalTechpriest,2022-01-30 05:52:25,self.darkestdungeon,https://www.reddit.com/r/darkestdungeon/comments/sfyxn3/so_about_that_5_deaths_door/,"So, about that 5% Death's Door",0
sg2t5e,SpiritJuice,2022-01-30 09:26:04,i.redd.it,https://i.redd.it/6zqzwmglqre81.png,When you log on to NexusMods for the first time:,0
sg4ru6,spineoragami,2022-01-30 11:35:12,reddit.com,https://www.reddit.com/gallery/sg4ru6,Character comparisons (Hero Shrines),0
sg635e,myworld123,2022-01-30 13:06:55,self.darkestdungeon,https://www.reddit.com/r/darkestdungeon/comments/sg635e/lost_my_first_and_only_saved_game_to_a_power/,Lost my first and only saved game to a power interruption. I‚Äôm not even mad.,0
sg63qi,Komaka,2022-01-30 13:08:08,i.redd.it,https://i.redd.it/54j6khbcuse81.jpg,"One is a hearty greeting, the other is said sarcastically after finding 20 gold in a fish carcass",0
sg7dec,BlindTurtleShield,2022-01-30 14:32:58,self.darkestdungeon,https://www.reddit.com/r/darkestdungeon/comments/sg7dec/bro_i_keep_wasting_hero_shrine_visits_on_this_im/,BRO I KEEP WASTING HERO SHRINE VISITS ON THIS. IM LOSING MY MIND ONG BRO,1
sg9c3p,Thebelladonnagirl,2022-01-30 16:36:40,self.darkestdungeon,https://www.reddit.com/r/darkestdungeon/comments/sg9c3p/so_i_killed_a_houndmaster_for_the_first_time/,So I killed a houndmaster for the first time,0
sg9h2h,Chops8546,2022-01-30 16:44:23,self.darkestdungeon,https://www.reddit.com/r/darkestdungeon/comments/sg9h2h/healing/,Healing,0
sg9q7p,Chimmaney,2022-01-30 16:58:34,i.redd.it,https://i.redd.it/i149xdd2zse81.png,Lost a hero in the Weald and about to drop the hottest track of [time period indeterminate],0
sgaa2l,ScalpelzStorybooks,2022-01-30 17:26:51,i.redd.it,https://i.redd.it/6nfi4hke4ue81.png,"""Power in the Blood"" DD Poetry Project part 16",0
sgbhq1,realcharliebrownog,2022-01-30 18:26:10,i.redd.it,https://i.redd.it/dpho4ivdfue81.jpg,"When you come back to DD1 and forget that torches are important, but deus vult will lead the way.",0
sgcesa,Sebicool189,2022-01-30 19:10:49,/r/darkestdungeon/comments/sgcesa/darkest_dungeon_the_end_full_video_link_in_the/,https://v.redd.it/duxjs6m1qte81,Darkest Dungeon: The End (Full video link in the comments),0
sgd4gh,DubsyReincarnate,2022-01-30 19:44:49,i.redd.it,https://i.redd.it/6q36vhjdtue81.png,This is a callout to all the Baldwin haters,1
sgeety,NotaMlelon,2022-01-30 20:44:23,i.redd.it,https://i.redd.it/f6fpncy04ve81.png,"Vermintide mod is nice, but...",0
sgetua,Robrogineer,2022-01-30 21:02:58,self.darkestdungeon,https://www.reddit.com/r/darkestdungeon/comments/sgetua/limited_by_heroes_and_their_moves_in_early_game/,Limited by heroes and their moves in early game.,0
sgfv6s,Marv_Murchins,2022-01-30 21:50:20,i.redd.it,https://i.redd.it/373z931tfve81.jpg,What herbs do to a man,1
sgfx5z,Thebelladonnagirl,2022-01-30 21:52:46,self.darkestdungeon,https://www.reddit.com/r/darkestdungeon/comments/sgfx5z/not_to_hate_but/,Not to hate but,0
sgfxnw,EdgyTeenagerYeets,2022-01-30 21:53:25,self.darkestdungeon,https://www.reddit.com/r/darkestdungeon/comments/sgfxnw/is_there_a_purpose_for_flashing_daggers/,Is there a purpose for Flashing Daggers?,0
sgggi5,voiceoverwilliam,2022-01-30 22:16:22,i.redd.it,https://i.redd.it/vpmbj3z2kve81.png,"Look Pim, I know it's our job to help this guy and everything, but I think this guy's a lost cause. He's obviously made up his mind, why don't we just cut our losses and get out of here",0
sggi81,cloudynas,2022-01-30 22:18:33,self.darkestdungeon,https://www.reddit.com/r/darkestdungeon/comments/sggi81/is_it_possible_to_do_low_level_missions_with_high/,is it possible to do low level missions with high level heroes with a mod or something?,0
sgh44e,Whisplow,2022-01-30 22:45:46,reddit.com,https://youtu.be/ZnXwMjXIHGs,Swaying Hips,0
sghrcs,itsfine1111,2022-01-30 23:13:57,self.darkestdungeon,https://www.reddit.com/r/darkestdungeon/comments/sghrcs/how_do_i_access_inventory_instead_of_map_with/,How do I access inventory (instead of map) with Xbox controller?,1
sghvsi,mattyteatree,2022-01-30 23:19:38,self.darkestdungeon,https://www.reddit.com/r/darkestdungeon/comments/sghvsi/arbalest_vs_musketeer/,Arbalest vs. Musketeer,1
sgihr4,Sebicool189,2022-01-30 23:46:17,youtu.be,https://youtu.be/2HFzPqCoLvQ,Darkest Dungeon edit I made,0
